AÃ±o,CCAA,PIB_anual,PIB_capita,Renta media por persona (con alquiler imputado),Renta media por unidad de consumo,Renta media por unidad de consumo (con alquiler imputado),Renta neta media por persona,Total_paro,busquedas_running,Income_Group,Unemp_Group,Search_Group
2008,Andalucia,152.247,18.638,10.459,13.859,15.967,9.007,21.66,69.0,Low,High,Medium
2008,Aragon,35.44,26.519,12.937,17.107,19.144,11.485,9.71,60.0,Medium,Low,Low
2008,Asturias,23.614,21.987,13.531,17.383,19.679,11.88,10.0,82.0,Medium,Medium,Medium
2008,Canarias,41.156,20.476,10.333,13.418,15.474,8.902,20.99,65.0,Low,High,Low
2008,CastillaLeon,56.295,22.108,11.88,15.533,17.468,10.488,11.4,73.0,Medium,Medium,Medium
2008,Catalunya,208.162,28.217,13.954,18.566,20.691,12.436,11.75,84.0,High,Medium,High
2008,ComunidadValenciana,107.951,21.766,11.472,14.796,17.073,9.864,14.58,100.0,Medium,Medium,High
2008,Madrid,201.866,32.125,14.19,18.941,21.33,12.496,10.02,76.0,High,Medium,Medium
2008,Galicia,58.254,21.107,10.949,14.374,16.468,9.482,9.64,83.0,Medium,Low,High
2008,PaisVasco,66.382,30.636,15.886,20.887,23.517,14.038,8.48,77.0,High,Low,Medium
2008,Murcia,29.541,20.636,10.375,14.147,15.981,9.119,15.29,69.0,Low,High,Medium
2009,Andalucia,145.802,17.685,10.806,14.393,16.411,9.406,26.27,58.0,Low,High,Low
2009,Aragon,33.814,25.15,13.861,18.561,20.579,12.411,13.57,86.0,Medium,Medium,High
2009,Asturias,22.366,20.778,14.374,18.561,20.981,12.63,14.13,82.0,Medium,Medium,High
2009,Canarias,39.505,19.421,10.365,13.612,15.629,8.932,26.77,46.0,Low,High,Low
2009,CastillaLeon,54.452,21.374,12.579,16.415,18.384,11.147,14.21,73.0,Medium,Medium,Medium
2009,CastillaLaMancha,39.356,18.959,10.75,14.712,16.323,9.631,19.29,76.0,Medium,Medium,Medium
2009,Catalunya,200.745,26.956,14.223,18.978,21.059,12.733,16.9,76.0,Medium,Medium,Medium
2009,ComunidadValenciana,101.99,20.462,12.066,15.703,17.897,10.502,22.09,74.0,Medium,High,Medium
2009,Madrid,199.29,31.364,15.226,20.597,22.959,13.564,14.48,61.0,High,Medium,Medium
2009,Galicia,56.253,20.314,11.473,15.113,17.166,10.026,12.8,62.0,Medium,Low,Medium
2009,Navarra,18.002,28.569,15.57,21.318,23.274,14.175,10.51,100.0,High,Low,High
2009,PaisVasco,63.602,29.215,16.625,22.138,24.661,14.838,12.13,64.0,High,Low,Medium
2009,Murcia,28.076,19.383,10.326,14.139,15.859,9.15,21.84,45.0,Low,Medium,Low
2010,Andalucia,145.854,17.567,10.845,14.152,16.393,9.293,28.04,38.0,Low,High,Low
2010,Aragon,34.1,25.375,13.633,17.773,20.086,11.968,16.29,53.0,Medium,Medium,High
2010,Asturias,22.591,20.992,14.443,18.377,20.937,12.589,16.61,46.0,Medium,Medium,Medium
2010,CastillaLeon,54.693,21.487,12.546,16.1,18.316,10.946,15.78,45.0,Medium,Medium,Medium
2010,CastillaLaMancha,39.436,18.864,11.227,15.13,17.067,9.892,21.72,39.0,Low,Medium,Medium
2010,Catalunya,202.602,27.096,14.553,19.239,21.574,12.89,17.86,47.0,Medium,Medium,Medium
2010,ComunidadValenciana,101.87,20.419,12.335,15.78,18.286,10.555,22.57,50.0,Medium,High,High
2010,Madrid,198.29,31.059,15.254,20.128,22.676,13.436,15.54,41.0,High,Low,Medium
2010,Galicia,56.787,20.488,12.117,15.764,18.056,10.504,15.62,43.0,Medium,Medium,Medium
2010,LaRioja,8.009,25.035,12.388,15.769,18.01,10.756,15.58,100.0,Medium,Medium,High
2010,Navarra,18.089,28.487,15.869,21.393,23.637,14.276,11.77,38.0,High,Low,Low
2010,PaisVasco,64.425,29.538,16.488,21.484,24.287,14.468,10.98,39.0,High,Low,Medium
2010,Murcia,28.372,19.479,10.131,13.574,15.482,8.818,24.45,47.0,Low,High,Medium
2011,Andalucia,144.494,17.299,10.337,13.31,15.569,8.764,31.01,61.0,Low,High,Medium
2011,Aragon,33.632,25.015,13.259,17.259,19.489,11.657,16.8,83.0,Medium,Low,High
2011,Asturias,22.262,20.706,13.579,17.08,19.562,11.779,18.84,60.0,Medium,Medium,Low
2011,Canarias,39.612,19.099,10.1,13.127,15.254,8.61,30.33,62.0,Low,High,Medium
2011,Cantabria,12.68,21.435,12.238,15.447,17.89,10.495,15.92,63.0,Medium,Low,Medium
2011,CastillaLeon,54.329,21.378,12.454,15.918,18.147,10.841,17.21,61.0,Medium,Medium,Medium
2011,CastillaLaMancha,39.057,18.569,10.523,13.72,15.764,9.105,24.53,67.0,Medium,Medium,Medium
2011,Catalunya,199.939,26.644,13.776,18.17,20.39,12.209,20.4,91.0,High,Medium,High
2011,ComunidadValenciana,100.388,20.069,11.941,15.344,17.743,10.236,24.83,100.0,Medium,Medium,High
2011,Madrid,199.624,31.147,15.029,19.984,22.579,13.192,17.96,77.0,High,Medium,High
2011,Extremadura,18.274,16.56,10.062,13.151,15.044,8.725,28.33,51.0,Low,High,Low
2011,Galicia,55.817,20.139,11.951,15.45,17.7,10.37,18.17,53.0,Medium,Medium,Low
2011,Baleares,26.646,24.324,12.531,16.568,18.516,11.126,25.49,68.0,Medium,Medium,Medium
2011,LaRioja,7.945,24.748,12.327,15.517,17.748,10.712,18.61,55.0,Medium,Medium,Low
2011,Navarra,18.058,28.279,15.931,21.404,23.749,14.301,13.8,72.0,High,Low,Medium
2011,PaisVasco,63.907,29.261,16.063,20.834,23.684,14.046,13.16,68.0,High,Low,Medium
2011,Murcia,27.698,18.957,9.743,13.022,14.938,8.437,26.31,74.0,Low,High,Medium
2012,Andalucia,139.053,16.597,10.308,13.391,15.49,8.845,35.71,49.0,Low,High,Low
2012,Aragon,32.17,24.008,13.435,17.419,19.526,11.904,18.72,68.0,Medium,Low,High
2012,Asturias,21.265,19.867,13.529,16.922,19.31,11.767,23.82,58.0,Medium,Medium,Medium
2012,Canarias,38.24,18.317,9.954,12.477,14.661,8.423,32.6,51.0,Low,High,Medium
2012,Cantabria,12.225,20.691,12.112,15.211,17.561,10.388,19.19,64.0,Medium,Medium,Medium
2012,CastillaLeon,52.59,20.823,12.339,15.909,17.951,10.855,20.74,54.0,Medium,Medium,Medium
2012,CastillaLaMancha,37.644,17.941,10.129,13.307,15.094,8.878,30.07,54.0,Medium,High,Medium
2012,Catalunya,194.513,25.937,13.708,18.136,20.228,12.199,23.81,100.0,High,Medium,High
2012,ComunidadValenciana,95.836,19.171,11.528,14.864,17.051,9.965,27.62,82.0,Medium,Medium,High
2012,Madrid,196.36,30.566,14.833,19.902,22.255,13.155,19.32,67.0,High,Medium,High
2012,Extremadura,17.58,15.953,9.522,12.281,14.102,8.238,33.97,47.0,Low,High,Low
2012,Galicia,54.021,19.541,11.764,15.333,17.447,10.266,21.13,46.0,Medium,Medium,Low
2012,Baleares,26.224,23.81,12.308,16.317,18.091,11.005,24.3,65.0,Medium,Medium,Medium
2012,LaRioja,7.669,23.961,12.831,16.102,18.219,11.27,18.82,40.0,Medium,Low,Low
2012,Navarra,17.378,27.184,15.609,20.918,23.108,14.041,17.17,58.0,High,Low,Medium
2012,PaisVasco,62.343,28.589,15.871,20.474,23.258,13.857,16.6,52.0,High,Low,Medium
2012,Murcia,26.951,18.444,9.727,12.891,14.683,8.474,29.37,58.0,Low,Medium,Medium
2013,Andalucia,137.294,16.381,9.783,12.705,14.694,8.408,36.26,58.0,Low,High,Low
2013,Aragon,32.324,24.232,13.479,17.618,19.64,12.022,20.59,73.0,High,Medium,Medium
2013,Asturias,20.694,19.475,12.811,15.994,18.174,11.211,22.29,64.0,Medium,Medium,Medium
2013,Canarias,38.067,18.16,9.934,12.688,14.711,8.513,33.09,56.0,Low,High,Low
2013,Cantabria,11.944,20.299,11.48,14.426,16.665,9.843,19.81,75.0,Medium,Low,Medium
2013,CastillaLeon,51.28,20.474,12.235,15.743,17.781,10.76,22.02,78.0,Medium,Medium,Medium
2013,CastillaLaMancha,36.911,17.72,9.666,12.673,14.446,8.425,28.99,62.0,Low,High,Medium
2013,Catalunya,193.329,25.928,13.568,17.883,19.903,12.111,21.87,100.0,High,Medium,High
2013,ComunidadValenciana,95.11,19.137,10.877,13.881,15.974,9.375,27.15,97.0,Medium,Medium,High
2013,Madrid,193.345,30.264,14.403,19.124,21.327,12.823,20.45,70.0,High,Low,Medium
2013,Extremadura,17.606,16.028,9.557,12.139,14.025,8.224,32.4,56.0,Low,High,Low
2013,Galicia,54.039,19.636,11.535,15.037,17.051,10.106,21.88,58.0,Medium,Medium,Low
2013,Baleares,26.228,23.719,11.653,15.427,17.187,10.386,22.72,71.0,Medium,Medium,Medium
2013,LaRioja,7.581,23.898,12.245,15.321,17.437,10.686,20.24,56.0,Medium,Low,Low
2013,Melilla,1.339,15.981,12.564,17.898,19.814,11.313,33.79,98.0,Medium,High,High
2013,Navarra,17.347,27.213,15.2,20.191,22.421,13.608,16.44,85.0,High,Low,High
2013,PaisVasco,61.497,28.277,16.206,20.955,23.584,14.312,16.58,74.0,High,Low,Medium
2013,Murcia,27.047,18.502,9.489,12.487,14.284,8.253,28.5,80.0,Low,Medium,High
2014,Andalucia,139.135,16.6,9.59,12.118,14.294,8.079,34.23,73.0,Low,High,Low
2014,Aragon,32.602,24.557,13.717,17.662,19.973,12.037,18.65,94.0,High,Medium,High
2014,Asturias,20.636,19.588,13.02,16.011,18.391,11.251,20.78,86.0,Medium,Medium,Medium
2014,Canarias,38.313,18.268,9.884,12.505,14.763,8.302,31.08,62.0,Low,High,Low
2014,Cantabria,12.158,20.747,11.468,14.137,16.382,9.824,18.42,82.0,Medium,Low,Medium
2014,CastillaLeon,51.384,20.694,12.097,15.08,17.387,10.406,20.28,79.0,Medium,Medium,Medium
2014,CastillaLaMancha,36.137,17.48,9.97,12.824,14.836,8.545,28.5,78.0,Low,Medium,Medium
2014,Catalunya,197.0,26.551,13.847,18.104,20.374,12.205,19.88,94.0,High,Medium,High
2014,Ceuta,1.447,17.123,10.091,13.758,15.923,8.712,32.46,95.0,Medium,High,High
2014,ComunidadValenciana,97.256,19.641,10.685,13.446,15.576,9.144,23.48,100.0,Medium,Medium,High
2014,Madrid,196.018,30.776,14.433,18.789,21.34,12.597,18.0,79.0,High,Low,Medium
2014,Extremadura,17.565,16.053,9.203,11.345,13.391,7.729,29.96,68.0,Low,High,Low
2014,Galicia,54.411,19.876,11.868,15.273,17.554,10.235,20.87,69.0,Medium,Medium,Low
2014,Baleares,27.109,24.454,11.985,15.729,17.607,10.66,18.88,77.0,Medium,Medium,Medium
2014,LaRioja,7.738,24.586,12.838,16.09,18.432,11.12,17.17,69.0,Medium,Low,Low
2014,Melilla,1.351,15.999,13.052,18.073,20.24,11.619,29.52,76.0,Medium,High,Medium
2014,Navarra,17.642,27.704,14.862,19.55,21.814,13.221,14.92,76.0,High,Low,Medium
2014,PaisVasco,62.637,28.843,16.39,20.957,23.861,14.281,16.6,78.0,High,Low,Medium
2014,Murcia,27.239,18.606,9.176,11.715,13.757,7.767,27.26,94.0,Low,Medium,High
2015,Andalucia,146.406,17.458,9.456,11.862,14.031,7.942,29.83,71.0,Low,High,Medium
2015,Aragon,33.266,25.185,14.053,18.395,20.657,12.427,14.6,95.0,High,Low,High
2015,Asturias,21.388,20.497,13.151,16.227,18.544,11.427,20.33,78.0,Medium,Medium,Medium
2015,Canarias,39.637,18.881,10.11,12.932,15.035,8.64,26.75,60.0,Medium,High,Low
2015,Cantabria,12.444,21.329,12.147,15.159,17.404,10.494,17.71,72.0,Medium,Medium,Medium
2015,CastillaLeon,53.183,21.6,12.303,15.284,17.65,10.57,17.58,73.0,Medium,Medium,Medium
2015,CastillaLaMancha,37.998,18.499,9.922,12.725,14.746,8.498,24.97,76.0,Low,High,Medium
2015,Catalunya,206.434,27.806,13.813,18.236,20.364,12.283,17.73,82.0,High,Medium,High
2015,Ceuta,1.498,17.757,9.877,13.362,15.489,8.512,23.25,70.0,Low,Medium,Low
2015,ComunidadValenciana,101.214,20.5,10.617,13.305,15.407,9.098,21.45,95.0,Medium,Medium,High
2015,Madrid,206.232,32.275,14.191,18.593,20.92,12.534,16.51,75.0,High,Low,Medium
2015,Extremadura,18.495,16.993,9.977,12.421,14.512,8.469,28.07,65.0,Low,High,Low
2015,Galicia,57.011,20.934,11.81,15.133,17.355,10.212,17.74,70.0,Medium,Medium,Low
2015,Baleares,28.654,25.732,12.201,15.894,17.848,10.828,17.02,71.0,Medium,Medium,Medium
2015,LaRioja,8.033,25.594,12.741,16.295,18.514,11.132,13.97,69.0,Medium,Low,Low
2015,Melilla,1.408,16.506,11.357,15.937,17.981,10.027,32.64,100.0,Medium,High,High
2015,Navarra,18.334,28.761,14.929,19.715,21.979,13.3,13.53,76.0,High,Low,Medium
2015,PaisVasco,65.073,29.962,15.793,20.264,22.97,13.836,12.89,77.0,High,Low,Medium
2015,Murcia,29.169,19.901,9.353,11.993,14.048,7.924,23.51,79.0,Low,Medium,High
2016,Andalucia,149.902,17.865,9.978,12.56,14.825,8.398,28.25,68.0,Low,High,Medium
2016,Aragon,34.542,26.243,13.392,17.116,19.523,11.649,13.53,100.0,Medium,Low,High
2016,Asturias,21.675,20.913,13.863,17.241,19.659,12.06,14.59,60.0,Medium,Medium,Low
2016,Canarias,40.98,19.45,10.313,12.993,15.282,8.702,24.9,59.0,Low,High,Low
2016,Cantabria,12.834,22.072,12.398,15.484,17.859,10.67,12.89,66.0,Medium,Low,Medium
2016,CastillaLeon,54.631,22.369,12.545,15.645,18.003,10.815,14.81,69.0,Medium,Medium,Medium
2016,CastillaLaMancha,39.136,19.149,10.175,13.106,15.148,8.731,22.14,76.0,Low,Medium,Medium
2016,Catalunya,214.503,28.781,14.299,18.828,21.108,12.66,14.85,75.0,High,Medium,Medium
2016,Ceuta,1.537,18.155,10.918,14.858,17.124,9.435,22.39,75.0,Medium,High,Medium
2016,ComunidadValenciana,104.205,21.11,10.809,13.589,15.731,9.265,19.15,92.0,Medium,Medium,High
2016,Madrid,214.469,33.35,14.343,18.709,21.076,12.647,14.6,76.0,High,Medium,Medium
2016,Extremadura,19.069,17.616,10.176,12.775,14.859,8.674,28.31,62.0,Low,High,Low
2016,Galicia,58.564,21.594,12.1,15.428,17.756,10.439,16.29,60.0,Medium,Medium,Low
2016,Baleares,30.233,26.922,13.763,17.894,20.067,12.222,13.8,65.0,High,Medium,Medium
2016,LaRioja,8.074,25.713,13.221,16.933,19.172,11.589,10.9,58.0,Medium,Low,Low
2016,Melilla,1.453,16.979,12.256,17.349,19.482,10.883,27.38,69.0,Medium,High,Medium
2016,Navarra,18.911,29.556,15.165,19.697,22.123,13.408,10.01,71.0,High,Low,Medium
2016,PaisVasco,67.115,30.833,16.411,21.058,23.911,14.345,12.27,77.0,High,Low,High
2016,Murcia,30.009,20.402,9.726,12.635,14.733,8.273,18.58,77.0,Low,Medium,High
2017,Andalucia,156.789,18.691,10.831,13.709,16.16,9.116,24.43,79.0,Low,High,Medium
2017,Aragon,35.984,27.357,13.912,17.756,20.246,12.11,11.37,92.0,Medium,Low,High
2017,Asturias,22.538,21.897,14.157,17.547,20.162,12.244,14.64,66.0,Medium,Medium,Low
2017,Canarias,43.036,20.296,10.54,13.161,15.563,8.863,22.04,63.0,Low,High,Low
2017,Cantabria,13.318,22.922,13.212,16.199,18.822,11.293,13.49,72.0,Medium,Medium,Medium
2017,CastillaLeon,55.879,23.076,13.042,16.3,18.757,11.239,13.71,74.0,Medium,Medium,Medium
2017,CastillaLaMancha,40.769,20.043,10.567,13.604,15.762,9.045,19.74,76.0,Low,Medium,Medium
2017,Catalunya,223.14,29.77,14.481,18.957,21.429,12.712,12.63,83.0,High,Medium,Medium
2017,Ceuta,1.554,18.262,11.172,15.075,17.384,9.676,26.03,88.0,Medium,High,High
2017,ComunidadValenciana,108.667,21.996,11.468,14.365,16.669,9.801,16.76,89.0,Medium,Medium,High
2017,Madrid,224.373,34.592,15.0,19.314,21.962,13.099,13.75,79.0,High,Medium,Medium
2017,Extremadura,20.17,18.761,9.86,12.006,14.244,8.25,25.12,69.0,Low,High,Medium
2017,Galicia,60.631,22.433,12.51,15.88,18.329,10.753,14.71,67.0,Medium,Medium,Low
2017,Baleares,31.746,28.001,14.233,18.312,20.466,12.665,12.61,68.0,High,Low,Low
2017,LaRioja,8.352,26.585,13.875,17.801,20.171,12.131,11.51,69.0,Medium,Low,Medium
2017,Melilla,1.467,17.051,11.601,16.453,18.686,10.161,24.62,100.0,Medium,High,High
2017,Navarra,19.699,30.631,15.411,20.022,22.554,13.583,9.63,81.0,High,Low,Medium
2017,PaisVasco,69.585,31.891,16.66,21.198,24.33,14.397,10.57,82.0,High,Low,Medium
2017,Murcia,31.192,21.128,10.301,13.324,15.62,8.702,17.21,87.0,Low,Medium,High
2018,Andalucia,161.894,19.291,10.962,13.977,16.414,9.258,21.26,82.0,Low,High,Medium
2018,Aragon,37.214,28.281,13.796,17.672,20.18,11.99,11.11,87.0,Medium,Medium,High
2018,Asturias,23.186,22.651,13.963,17.343,19.903,12.085,12.86,59.0,Medium,Medium,Low
2018,Canarias,44.609,20.853,10.736,13.546,16.039,8.964,19.99,64.0,Low,High,Low
2018,Cantabria,13.844,23.818,13.166,16.4,19.051,11.239,9.68,66.0,Medium,Low,Medium
2018,CastillaLeon,58.327,24.216,13.804,17.264,19.788,11.949,11.21,65.0,Medium,Medium,Medium
2018,CastillaLaMancha,42.291,20.811,11.04,14.305,16.452,9.533,16.16,73.0,Low,Medium,Medium
2018,Catalunya,231.101,30.525,15.19,19.791,22.382,13.338,11.75,82.0,High,Medium,Medium
2018,Ceuta,1.612,18.923,11.518,14.991,17.53,9.784,24.02,74.0,Medium,High,Medium
2018,ComunidadValenciana,112.75,22.723,11.937,15.038,17.408,10.232,14.3,90.0,Medium,Medium,High
2018,Madrid,233.736,35.601,15.296,19.648,22.485,13.279,11.54,73.0,High,Medium,Medium
2018,Extremadura,20.713,19.368,10.092,12.376,14.576,8.503,23.1,65.0,Low,High,Medium
2018,Galicia,62.649,23.212,13.067,16.758,19.306,11.239,12.04,61.0,Medium,Medium,Low
2018,Baleares,33.186,28.906,14.894,19.554,21.886,13.24,10.91,67.0,High,Low,Medium
2018,LaRioja,8.65,27.47,13.841,17.49,19.973,12.029,10.3,62.0,Medium,Low,Low
2018,Melilla,1.511,17.531,13.962,19.5,21.767,12.507,23.85,100.0,Medium,High,High
2018,Navarra,20.236,31.19,15.421,20.094,22.658,13.585,9.99,78.0,High,Low,Medium
2018,PaisVasco,71.915,32.835,16.993,21.76,24.912,14.722,9.58,76.0,High,Low,Medium
2018,Murcia,31.715,21.393,10.708,14.041,16.369,9.111,15.83,83.0,Low,Medium,High
2019,Andalucia,166.479,19.744,10.892,13.755,16.218,9.16,20.8,89.0,Low,High,Medium
2019,Aragon,38.465,29.043,14.1,18.067,20.576,12.3,9.93,94.0,Medium,Low,High
2019,Asturias,23.667,23.22,14.559,17.868,20.612,12.523,13.14,72.0,Medium,Medium,Low
2019,Canarias,45.767,21.159,11.298,14.247,16.797,9.487,18.78,74.0,Low,High,Medium
2019,Cantabria,14.274,24.515,14.25,17.742,20.519,12.205,11.18,74.0,Medium,Medium,Medium
2019,CastillaLeon,59.649,24.849,13.858,17.233,19.754,12.003,11.2,80.0,Medium,Medium,Medium
2019,CastillaLaMancha,43.393,21.264,11.298,14.505,16.754,9.715,16.56,85.0,Low,Medium,Medium
2019,Catalunya,240.166,31.3,15.372,20.049,22.63,13.527,10.45,91.0,High,Medium,Medium
2019,Ceuta,1.66,19.577,11.928,16.059,18.733,10.164,27.58,89.0,Medium,High,Medium
2019,ComunidadValenciana,116.589,23.248,12.438,15.582,18.115,10.611,14.13,100.0,Medium,Medium,High
2019,Madrid,243.889,36.613,16.34,21.03,24.036,14.199,9.99,92.0,High,Medium,High
2019,Extremadura,21.166,19.863,10.447,12.816,15.125,8.796,23.48,77.0,Low,High,Medium
2019,Galicia,64.502,23.901,13.119,16.621,19.273,11.218,11.74,67.0,Medium,Medium,Low
2019,Baleares,34.351,29.458,14.081,18.42,20.766,12.41,9.91,74.0,Medium,Low,Medium
2019,LaRioja,8.89,28.04,14.542,18.661,21.187,12.697,9.89,66.0,High,Low,Low
2019,Melilla,1.56,18.073,13.185,18.003,20.272,11.733,26.81,91.0,Medium,High,Medium
2019,Navarra,21.07,32.136,15.786,20.697,23.26,13.937,9.01,84.0,High,Low,Medium
2019,PaisVasco,74.0,33.59,17.648,22.48,25.729,15.3,9.09,88.0,High,Low,Medium
2019,Murcia,33.001,22.015,10.638,13.637,16.043,8.956,16.08,97.0,Low,Medium,High
2020,Andalucia,150.453,17.772,11.804,14.958,17.533,9.99,22.74,83.0,Low,High,High
2020,Aragon,35.956,27.003,14.966,19.15,21.758,13.097,12.49,80.0,Medium,Medium,Medium
2020,Asturias,21.376,21.069,14.833,18.028,20.787,12.786,13.5,73.0,Medium,Medium,Medium
2020,Canarias,37.587,17.239,11.686,14.99,17.452,9.935,25.22,62.0,Low,High,Low
2020,Cantabria,12.991,22.279,14.688,18.578,21.238,12.748,11.79,67.0,Medium,Medium,Medium
2020,CastillaLeon,54.795,22.934,14.664,18.284,20.945,12.697,11.61,72.0,Medium,Low,Medium
2020,CastillaLaMancha,40.254,19.675,12.159,15.802,18.162,10.485,17.39,81.0,Medium,Medium,Medium
2020,Catalunya,214.857,27.796,16.105,20.872,23.576,14.17,13.87,85.0,High,Medium,High
2020,Ceuta,1.536,18.184,11.645,15.058,17.742,9.853,26.74,57.0,Low,High,Low
2020,ComunidadValenciana,106.067,20.98,13.254,16.518,19.185,11.332,16.37,80.0,Medium,Medium,Medium
2020,Madrid,221.062,32.853,16.702,21.429,24.406,14.58,13.53,84.0,High,Medium,High
2020,Extremadura,19.497,18.351,10.879,13.297,15.697,9.147,21.32,78.0,Low,High,Medium
2020,Galicia,59.007,21.864,13.445,16.757,19.489,11.469,11.66,65.0,Medium,Low,Low
2020,Baleares,26.669,22.611,14.303,18.787,21.103,12.658,17.34,64.0,Medium,Medium,Low
2020,LaRioja,8.187,25.654,15.381,19.698,22.284,13.504,10.36,55.0,High,Low,Low
2020,Melilla,1.452,16.776,13.067,18.214,20.786,11.427,23.83,69.0,Medium,High,Medium
2020,Navarra,19.161,28.987,17.017,22.391,25.077,15.094,11.65,72.0,High,Low,Medium
2020,PaisVasco,66.673,30.115,18.091,23.174,26.34,15.813,9.96,83.0,High,Low,High
2020,Murcia,30.44,20.108,11.616,14.921,17.459,9.85,15.39,100.0,Low,Medium,High
2021,Andalucia,166.296,19.591,11.822,14.769,17.468,9.915,20.31,79.0,Low,High,Medium
2021,Aragon,38.782,29.144,15.284,19.381,22.062,13.345,9.18,85.0,High,Low,High
2021,Asturias,23.618,23.446,15.01,17.968,20.852,12.861,10.1,74.0,Medium,Low,Medium
2021,Canarias,41.407,19.021,11.898,15.294,17.756,10.161,19.23,54.0,Low,High,Low
2021,Cantabria,14.207,24.303,14.829,18.659,21.376,12.848,11.58,69.0,Medium,Medium,Low
2021,CastillaLeon,59.466,25.02,14.694,18.181,20.933,12.656,10.46,76.0,Medium,Medium,Medium
2021,CastillaLaMancha,44.124,21.515,12.038,15.35,17.869,10.257,13.33,82.0,Low,Medium,Medium
2021,Catalunya,234.82,30.36,16.168,20.927,23.729,14.159,10.21,90.0,High,Medium,High
2021,Ceuta,1.634,19.661,12.167,16.159,18.822,10.397,31.17,71.0,Medium,High,Medium
2021,ComunidadValenciana,116.387,22.944,13.246,16.474,19.256,11.237,14.57,88.0,Medium,Medium,High
2021,Madrid,239.838,35.703,16.985,21.99,25.0,14.836,10.18,100.0,High,Low,High
2021,Extremadura,21.552,20.363,11.387,13.908,16.526,9.5,19.33,80.0,Low,High,Medium
2021,Galicia,64.387,23.927,13.465,16.785,19.565,11.453,10.94,68.0,Medium,Medium,Low
2021,Baleares,30.512,25.807,12.962,16.867,19.315,11.235,14.58,75.0,Medium,Medium,Medium
2021,LaRioja,8.736,27.365,14.845,18.758,21.411,12.913,10.53,62.0,Medium,Medium,Low
2021,Melilla,1.534,17.891,13.577,18.259,20.667,12.012,26.51,61.0,Medium,High,Low
2021,Navarra,20.821,31.486,17.247,22.786,25.556,15.269,9.95,71.0,High,Low,Medium
2021,PaisVasco,72.513,32.898,17.943,22.658,25.959,15.544,9.11,84.0,High,Low,Medium
2021,Murcia,33.604,22.087,11.632,14.988,17.414,9.931,13.19,89.0,Low,Medium,High
2022,Andalucia,183.636,21.495,12.746,15.862,18.752,10.703,19.05,83.0,Low,High,Medium
2022,Aragon,43.454,32.562,16.097,20.347,23.208,14.015,9.57,96.0,High,Low,High
2022,Asturias,26.481,26.361,16.076,19.368,22.45,13.777,14.18,77.0,Medium,Medium,Medium
2022,Canarias,48.551,22.096,12.49,15.901,18.385,10.716,14.87,63.0,Low,High,Low
2022,Cantabria,15.54,26.505,15.945,19.974,22.905,13.811,10.53,68.0,Medium,Medium,Low
2022,CastillaLeon,65.121,27.382,15.446,19.117,21.97,13.323,8.9,74.0,Medium,Low,Medium
2022,CastillaLaMancha,49.676,24.005,12.92,16.404,19.056,11.037,14.81,78.0,Low,Medium,Medium
2022,Catalunya,258.686,33.041,16.741,21.637,24.483,14.692,10.32,87.0,High,Medium,High
2022,Ceuta,1.764,21.303,13.905,18.864,21.534,12.152,33.34,73.0,Medium,High,Medium
2022,ComunidadValenciana,127.59,24.736,13.984,17.444,20.357,11.876,13.7,84.0,Medium,Medium,Medium
2022,Madrid,267.579,39.207,17.928,23.338,26.47,15.695,11.33,100.0,High,Medium,High
2022,Extremadura,23.141,21.932,12.092,14.843,17.568,10.133,17.55,86.0,Low,High,Medium
2022,Galicia,71.366,26.483,14.427,18.093,20.951,12.352,10.65,65.0,Medium,Medium,Low
2022,Baleares,37.165,30.997,14.303,18.576,21.197,12.451,10.7,74.0,Medium,Medium,Medium
2022,LaRioja,9.713,30.26,15.653,19.819,22.719,13.538,8.52,69.0,Medium,Low,Low
2022,Melilla,1.654,19.501,14.744,19.849,22.3,13.089,26.15,51.0,Medium,High,Low
2022,Navarra,23.211,34.749,18.053,23.578,26.496,15.97,10.17,71.0,High,Low,Medium
2022,PaisVasco,80.481,36.421,18.899,23.886,27.288,16.427,8.97,88.0,High,Low,High
2022,Murcia,37.493,24.334,12.483,16.128,18.758,10.632,13.01,92.0,Low,Medium,High
2023,Andalucia,199.952,23.218,13.733,17.295,20.114,11.719,17.61,80.0,Low,High,Medium
2023,Aragon,46.674,34.658,16.89,21.43,24.264,14.81,8.17,83.0,High,Low,High
2023,Asturias,28.326,28.13,17.792,21.66,24.814,15.432,11.62,86.0,High,Medium,High
2023,Canarias,54.194,24.345,14.05,17.94,20.537,12.177,16.06,61.0,Low,High,Low
2023,Cantabria,16.777,28.461,16.323,20.495,23.447,14.162,7.39,67.0,Medium,Low,Low
2023,CastillaLeon,70.876,29.698,16.277,20.109,22.998,14.124,9.59,68.0,Medium,Medium,Medium
2023,CastillaLaMancha,53.929,25.758,13.765,17.634,20.224,11.913,12.33,81.0,Low,Medium,Medium
2023,Catalunya,281.845,35.325,17.957,23.269,26.199,15.83,9.16,80.0,High,Low,Medium
2023,Ceuta,1.889,22.751,15.276,20.67,23.456,13.421,32.66,67.0,Medium,High,Low
2023,ComunidadValenciana,139.42,26.453,14.937,18.752,21.697,12.805,12.93,90.0,Medium,Medium,High
2023,Madrid,293.069,42.198,19.041,24.991,28.077,16.817,9.64,100.0,High,Medium,High
2023,Extremadura,24.87,23.604,13.273,16.493,19.131,11.363,16.23,81.0,Low,High,Medium
2023,Galicia,77.356,28.644,15.262,19.152,22.034,13.147,9.19,60.0,Medium,Low,Low
2023,Baleares,42.084,34.381,16.005,21.143,23.794,14.139,11.16,72.0,Medium,Medium,Medium
2023,LaRioja,10.618,32.828,16.332,20.687,23.613,14.184,9.71,73.0,Medium,Medium,Medium
2023,Melilla,1.75,20.479,15.78,20.825,23.584,13.854,29.57,65.0,Medium,High,Low
2023,Navarra,25.041,37.088,18.711,24.495,27.425,16.599,9.25,75.0,High,Low,Medium
2023,Murcia,40.386,25.887,13.182,17.069,19.718,11.314,11.46,90.0,Low,Medium,High
2024,Andalucia,199.952,23.218,14.276,17.99,20.896,12.191,15.76,84.0,Low,High,Medium
2024,Aragon,46.674,34.658,17.916,22.875,25.808,15.747,7.62,87.0,Medium,Low,High
2024,Asturias,28.326,28.13,18.597,22.774,25.954,16.201,8.09,84.0,High,Low,Medium
2024,Canarias,54.194,24.345,15.334,19.797,22.56,13.372,11.91,66.0,Medium,Medium,Low
2024,Cantabria,16.777,28.461,16.913,21.32,24.318,14.708,8.23,73.0,Medium,Medium,Medium
2024,CastillaLeon,70.876,29.698,17.185,21.166,24.116,14.94,8.23,72.0,Medium,Medium,Low
2024,CastillaLaMancha,53.929,25.758,14.258,18.219,20.841,12.357,11.86,81.0,Low,Medium,Medium
2024,Catalunya,281.845,35.325,18.563,24.412,27.2,16.546,7.87,91.0,High,Low,High
2024,Ceuta,1.889,22.751,15.19,20.803,23.473,13.403,21.79,61.0,Medium,High,Low
2024,ComunidadValenciana,139.42,26.453,15.523,19.574,22.532,13.374,12.33,93.0,Medium,Medium,High
2024,Madrid,293.069,42.198,19.459,25.712,28.74,17.275,8.58,100.0,High,Medium,High
2024,Extremadura,24.87,23.604,14.399,18.05,20.761,12.421,15.26,77.0,Low,High,Medium
2024,Galicia,77.356,28.644,16.717,21.36,24.301,14.558,8.67,66.0,Medium,Medium,Low
2024,Baleares,42.084,34.381,17.855,23.689,26.382,15.926,8.2,76.0,High,Low,Medium
2024,LaRioja,10.618,32.828,16.718,20.901,23.855,14.529,8.58,75.0,Medium,Medium,Medium
2024,Melilla,1.75,20.479,14.558,19.431,22.049,12.745,25.8,56.0,Low,High,Low
2024,Navarra,25.041,37.088,19.348,25.285,28.156,17.253,6.6,79.0,High,Low,Medium
2024,Murcia,40.386,25.887,13.808,18.111,20.725,11.967,13.4,89.0,Low,High,High
